frequencia,nota_media,renda_familiar,evasao
0.31289940311675224,8.663865142513421,5000,0
0.6025685487247585,2.1552986879133185,5000,1
0.888085051918853,3.6037781993034756,5000,1
0.5745058480116376,0.6850540662697957,1200,1
0.42564812639668337,7.6315529125888935,1200,0
0.8275891838353633,4.083063427594511,5000,0
0.8521648873095209,7.592487330608428,2500,0
0.42162743271529673,9.03607844346795,5000,0
0.8395978759786928,2.3276314710128876,1200,0
0.9631085217794366,8.073960303399513,1200,1
0.4164643108525906,0.5909389007825328,1200,1
0.8396890047724948,8.988473881802474,5000,0
0.7960004032218405,6.507685475587474,2500,0
0.631501721904562,8.742267241383516,1200,0
0.3405443223911588,0.0018839955658189744,1200,1
0.3522860924304978,1.6908107035599251,5000,1
0.8966902614390533,3.8975938742649205,2500,0
0.9931038609254528,3.795029033747186,5000,1
0.773236580030728,2.2673038292351064,1200,1
0.6121708149072249,3.816119398672001,2500,1
0.7533015503813353,1.2884871200025483,2500,1
0.7160771014599817,4.12761129266026,1200,1
0.5685285822839352,8.023543291592642,2500,1
0.345938301201809,4.790700631033512,2500,1
0.8750590631852087,0.18000088945214987,5000,0
0.5602834704671071,4.214440415792474,1200,1
0.8731499503499656,0.2717501609084416,1200,0
0.4767561247818675,9.662434107067982,1200,0
0.30072063589194337,1.2745395942286897,1200,1
0.4112567982937295,7.076883263306187,1200,0
0.627977591738009,9.727763228920859,2500,0
0.9610125444704809,8.26039051666572,5000,1
0.3715355337856033,6.993153751262037,1200,1
0.8979468421230961,8.394609095007668,5000,0
0.6689168673483035,9.817986932606276,5000,1
0.8781445360599276,6.213444972535296,2500,1
0.5088621016929948,5.591848068293265,1200,1
0.8879630152707303,6.2823811046328135,2500,1
0.8409759460117632,5.32675886761555,1200,0
0.46103757812200374,6.350891059097188,2500,1
0.3919345884865646,4.498422079725593,5000,1
0.9076380257726049,2.184431828833071,1200,0
0.9742656574080923,1.2024722651167563,5000,1
0.32191161962326137,0.6834093553226039,5000,1
0.8118890468815798,2.633157837532001,2500,1
0.9366671576634729,0.46123564335733835,1200,0
0.9001520644647489,5.671707799193856,5000,1
0.975164330589146,2.8382844702352026,2500,1
0.832065854906668,8.245348080870322,1200,1
0.6096091336666372,0.7424087298838644,1200,1
0.5183663933465913,2.2635149434148594,5000,1
0.5245199183066892,7.302461470901459,1200,0
0.8070958708298819,5.9880829638349145,5000,1
0.822085908421675,0.6449127124916754,1200,1
0.44025140048409883,8.772394571622005,2500,1
0.9076859694433717,8.772617628261795,5000,0
0.8004468281415733,3.3040800387577383,5000,1
0.6939252004403678,3.404058433495647,1200,1
0.6300727220717588,9.89028358350174,1200,0
0.6802629640529707,6.261761715931382,5000,1
0.4114720167954851,5.313165205680591,1200,1
0.4425908744933919,8.381521835519244,2500,1
0.3638151432843342,2.8529033835731643,1200,1
0.4075606267127789,4.291825933963569,2500,1
0.6175855442236978,2.6777667548833417,2500,1
0.6712480756097792,7.891608465887314,2500,0
0.31250332473482356,5.73349345635218,2500,0
0.8577584795048192,6.588250701400705,2500,0
0.5059175813404345,2.5230724983940656,1200,1
0.9382852244719377,2.2022530137731513,2500,1
0.9772578845296442,4.8837462898293875,1200,0
0.429821212273658,7.375657490928268,2500,1
0.6234681035359624,5.252397575201602,5000,1
0.3008622846164981,0.32645677545668605,2500,1
0.7188290855856989,8.685515063202887,5000,0
0.7251145137838698,0.6468689351513157,2500,1
0.4732779689223626,9.558244837207523,2500,0
0.6908888708082386,0.25141958277272725,2500,1
0.45787809971061477,6.944504561307088,5000,1
0.412577828354733,0.8220706371178166,5000,1
0.7560636267615852,9.106765794351396,2500,1
0.5281478247664524,4.644332362255428,1200,1
0.7131847572199357,1.3752377481701539,2500,1
0.6032727242801589,3.408156997898466,5000,1
0.9890459851820328,1.6482467534676204,2500,1
0.40470644986729604,1.7058191155709002,5000,1
0.6252190176450672,9.481083201714423,5000,0
0.7763196384515276,4.452461122847882,5000,0
0.576881558715978,7.888022639053595,2500,0
0.9822898963094828,6.396055611776818,5000,1
0.8053213395488545,6.764263623383923,5000,1
0.7598887002951451,1.3169343847203852,2500,0
0.8299414873278563,2.3418444681548567,5000,1
0.9668540466271018,7.86750335154437,2500,0
0.935473057089248,9.70766206474783,5000,0
0.8069997156884883,2.6267564259865175,1200,0
0.8244131473708982,2.7156876475103986,1200,1
0.4021454518246018,4.728971328109049,5000,1
0.37195468314486596,9.83840312855438,1200,1
0.699633151290915,2.6895894582647104,2500,1
0.312857345858378,4.069719096342639,1200,1
0.637649467086114,8.914800156235067,5000,1
0.447244705943208,0.029210326213620075,5000,1
0.5422115973513877,0.39765964988569547,2500,1
0.8430633150550693,6.0407167707121925,5000,0
0.9588662529626706,9.07380164712847,2500,0
0.350691390502439,2.3885666040192763,1200,1
0.6739695441835116,4.69641774680709,1200,1
0.9177734400737199,4.504653016578183,2500,1
0.35775597410829485,4.729713460955102,2500,1
0.8771598328277836,6.225196957297452,5000,0
0.55046094564979,4.697437629906838,1200,1
0.5254662915535347,4.4746814132245785,2500,1
0.98422647042035,4.742884204312605,1200,1
0.4406013629036059,5.908674412710415,2500,0
0.7852357585758767,5.370074883513584,1200,0
0.8750085096069065,8.541359976505042,5000,1
0.32882844669549016,0.49496853493666615,1200,1
0.7692698208480885,8.333170714730125,1200,1
0.9660849820487287,8.43924612611724,1200,1
0.38695397670964155,2.849080215309608,1200,1
0.9273549118795268,4.628519550158506,1200,0
0.7163436461638553,4.385384885374355,5000,0
0.7316232073037318,2.185098343541303,2500,0
0.7290609224059241,3.9679684708631644,1200,1
0.5091851204361196,0.44387772170854434,5000,1
0.9546412707096217,2.7782207278173443,1200,0
0.9631453238417271,8.16682175450718,1200,0
0.7377132621497634,2.8456230176289754,2500,1
0.8483959081591301,8.182066687482475,1200,1
0.7285805901168105,5.315994646044309,5000,0
0.6390789133018284,8.7986267736116,5000,1
0.7625740828094754,5.747795542644152,2500,0
0.6871010168143709,0.2966822306473982,1200,1
0.7182331038423511,6.754202075470892,5000,0
0.8486827873932032,0.4485356802356866,1200,0
0.6366326820142894,4.50597018983134,1200,1
0.3285278742647309,9.29426694473114,1200,1
0.4147996366926481,1.6520393933785016,2500,1
0.6070250515426768,3.8987235294154408,1200,1
0.8073785919118408,7.298603088484784,5000,0
0.7152950538171251,8.822585560948475,1200,1
0.7552059301114177,6.709430047425079,5000,0
0.635495250003401,2.581732541911692,1200,1
0.7310194153595699,6.746078529162162,5000,1
0.5303122064702634,2.9672764110409,5000,1
0.6291278148876656,7.184292298187352,1200,0
0.8209953459164689,9.540331275850406,1200,0
0.9102829452811847,7.213934511062883,5000,0
0.6035587337694721,8.628805029124123,2500,0
0.3305631603951528,0.02103843175883413,1200,1
0.4131707809027618,7.175721247315944,2500,0
0.31460279750407666,8.295875568652503,1200,0
0.757284113466131,0.4055873754468142,1200,1
0.5326202377485763,8.715977272882306,1200,1
0.6797350450035572,2.5669422831004587,1200,1
0.6452937927486597,6.652921019780552,2500,1
0.3570685426866987,8.003548790234067,1200,0
0.5822829527866822,6.6266451305935545,5000,1
0.4543927874456263,0.9228479207325724,5000,1
0.5928798520673568,5.963215188603684,2500,0
0.44250479623956984,5.495836567221436,1200,0
0.8883166843938535,9.003212680742715,5000,0
0.42193533560477753,4.042397296442092,2500,1
0.9725463860408838,3.2108109708705013,1200,1
0.5911351563028585,7.498507644364663,5000,0
0.8923717044133344,4.126753260833967,5000,0
0.7401353727441615,6.46096175005063,2500,0
0.8147452090660268,6.46450090124607,1200,0
0.8374067216467462,8.880390643601178,1200,0
0.6533914173251124,5.986924023190974,5000,1
0.6803103663543018,5.021536099619869,5000,1
0.6597971074661074,1.38871326396517,5000,1
0.7116408646630554,1.1573760667870536,1200,1
0.3205761120295551,1.5432156528307939,2500,1
0.5768606188943106,1.7184848132709452,2500,1
0.7243320994928201,6.378770926636339,1200,1
0.718406495679105,7.409812502745785,2500,0
0.8550692662239421,5.299915229264187,5000,1
0.758506537182476,8.290177325454911,2500,1
0.9944933214384706,9.912632267336331,2500,0
0.4986981700260515,8.20012629119356,2500,0
0.5514057207663621,6.948823736759592,5000,1
0.5686930063074573,5.3249269943714665,1200,1
0.626068964914174,4.488530716747082,5000,1
0.8851986446468465,0.8439238054454234,1200,0
0.4650544657714469,3.9936874839469096,1200,1
0.8432001449248006,9.101346367821343,1200,1
0.5837171281600204,8.08022629906553,2500,1
0.7212987685634059,2.1605136501168722,2500,0
0.7427783732584142,4.666077846972159,1200,0
0.5609940460322541,8.167232025585445,1200,0
0.6588306436440636,0.6738455478552252,2500,1
0.5891218222533878,3.873925856686593,5000,1
0.3483929503306336,8.518412368739476,1200,0
0.6060157721717785,4.038978641701237,5000,1
0.3681753747874865,0.7761464473144086,2500,1
0.583514559356225,5.425343685322515,1200,1
0.7150428798822472,8.617424949182954,5000,1
0.7055904295404505,5.902855429531597,5000,0
0.7638348953058243,2.262791082142318,5000,0
0.3666830555682384,3.8423962013738135,2500,1
0.7564862718713065,4.5012336118193215,2500,0
0.5185036396875129,5.792663538205268,5000,0
0.5793321622959777,7.59351025752613,5000,1
0.9005903777458939,0.988736176406354,2500,0
0.30632128289068516,8.896520330175663,5000,0
0.7118888433384238,0.1230970301607559,5000,0
0.7190997860700752,3.7005233467425525,2500,0
0.5776618434404934,0.2742030997265765,5000,1
0.4659194999758353,3.9297422534529125,5000,1
0.46427182678308576,5.258125988733237,5000,1
0.9185967687625267,5.116813865815118,2500,1
0.6094170616480002,1.6562834702826534,5000,1
0.5316225540924203,6.457405100956123,2500,0
0.6141443016819821,0.4477845050466822,2500,1
0.7685732810215529,7.619068201324154,1200,1
0.4020295977713262,9.466444339935462,1200,1
0.6146036846496163,3.397688271511179,5000,1
0.7115190597772708,5.17239381714332,2500,0
0.9640083483960036,3.789102780588144,1200,1
0.4767694474527935,0.06710390304059954,5000,1
0.5514755235413719,3.8587450289511596,1200,1
0.5655510129456967,7.917202592613465,1200,1
0.7238767103514179,5.959888421834818,2500,0
0.5497124371280011,1.0125991461515893,2500,1
0.6734583477097869,8.47139489693785,1200,0
0.8472532308915206,5.310853448852429,1200,1
0.7937699158785425,8.417233617446762,2500,1
0.6124580525588099,5.802215187850294,5000,1
0.9049513243719183,5.596884448379399,2500,0
0.6906981747157039,1.0525918519701238,1200,1
0.6779340876515487,1.6735973313862795,5000,1
0.3239314361574107,9.72025256496591,1200,0
0.990685086250013,2.2848674675477074,5000,0
0.38607956597073867,9.77452117990368,1200,1
0.4617916386993526,5.3191270652426335,5000,1
0.33618778606906885,1.3578904706393713,5000,1
0.7480020767858395,0.9930220275369295,1200,1
0.45729082388087594,2.0886407070574,5000,1
0.42600730623090644,9.256373300253358,2500,1
0.36198890895626895,4.141502243282268,1200,1
0.37231626998681094,3.9543426799291437,2500,1
0.709269490309812,3.13206261070174,1200,1
0.7817455061066167,1.4706185056658838,5000,1
0.5781652919250806,4.878511971924064,5000,1
0.6359279571144512,1.3004778251113869,5000,1
0.7801774151880888,8.354802363823277,1200,0
0.31216585312983575,3.703969862753065,2500,1
0.5261914599491949,3.7480356778179633,2500,1
0.9811684236492424,4.740064284831559,1200,1
0.7060785607868276,4.441277131657516,1200,0
0.47795720592824525,9.948579730593215,2500,0
0.6652110326453491,5.453811212183025,2500,0
0.5398574416846407,0.8820170378987069,2500,1
0.6725714921784094,6.0687734157693,2500,1
0.38801905826465416,1.5158429286987996,1200,1
0.3929002576734941,0.30937644731341973,1200,1
0.40047965342757497,9.70742153677248,5000,1
0.9578738543487892,7.735388915345639,2500,1
0.8130292428389392,9.801089924137669,5000,0
0.4136673262636246,4.778784480222424,1200,1
0.43184435863592097,5.322575311489761,1200,0
0.8115806324096133,1.6833695591913023,5000,0
0.40931469135452175,2.4690742666758556,2500,1
0.46419290533438007,8.385492149028282,2500,0
0.9743427829742792,3.5618564711759415,2500,0
0.47871456730990225,8.26814973796419,2500,1
0.7631426452598027,7.090137242870318,5000,1
0.9850419011803713,1.771709252718655,5000,0
0.5620077369978549,5.074463661197422,1200,1
0.31226119360344357,6.773873215187169,2500,0
0.470903103295662,2.350372148038251,2500,1
0.8816140339391938,8.306885105200768,2500,1
0.9052261851685257,5.448276575451868,5000,1
0.8379635551666538,1.652420504426032,2500,1
0.3791768733536011,5.829844261646024,5000,1
0.8568572601874822,9.99713804155914,2500,0
0.9430744578954529,1.5052149166341355,2500,0
0.7204266797823653,8.16756930119528,1200,1
0.9586127494366454,2.0730900318755796,2500,0
0.8787872185983141,7.823883294600873,2500,1
0.7668800618936351,7.345779231214133,1200,0
0.7040296656982237,3.0048938560043235,5000,1
0.5440015670693793,3.2582311756444984,5000,1
0.41150121166996356,7.925213919629192,2500,1
0.7234677458833785,4.614455118873126,5000,0
0.5226780875326836,7.308180287118088,2500,0
0.9065070672693518,1.4798414736583476,1200,1
0.9953358561510399,8.525577819015535,1200,1
0.8266994338309008,7.108847166823191,2500,0
0.3633371867009355,9.069428088348339,1200,0
0.5020799168714467,1.3237237903497245,1200,1
0.3763767422360248,5.930145003605976,2500,0
0.755358153454201,5.991205850403252,2500,0
0.8356336051890492,3.5346074054678245,1200,1
0.9479723816164982,4.5846642456925775,5000,0
0.6067206424883913,0.3798156328985347,5000,1
0.9309629547119109,7.4586003862701205,2500,1
0.9145238113289291,5.4932247940317405,2500,0
0.5220370017357789,0.5774105186917378,5000,1
0.9082304378783996,6.8075589296048555,1200,1
0.5629705763172085,4.667820772311879,5000,1
0.5078084921921966,0.34461259425,5000,1
0.7543522611560751,9.696077268480954,5000,0
0.5298668595195567,9.491121430894404,5000,0
0.7411461238304009,5.129024161471976,2500,0
0.7268822638490862,0.936724207059102,2500,1
0.694407249143921,7.546212215985918,1200,0
0.5662937929629583,4.919311001057291,1200,1
0.6839498051560338,3.0244747828937992,1200,1
0.717539832489795,4.914181775285567,1200,1
0.6819808219468313,5.224441454054645,5000,0
0.611093616925841,5.627116990223392,2500,1
0.31026693993238463,4.412237136553266,2500,1
0.7109431953908056,6.057553031390567,1200,1
0.41791106959990376,9.187347106063774,1200,1
0.7498031782630327,3.6226808709859117,5000,1
0.8315410295460062,7.2571646321994905,5000,1
0.6503117163915191,8.944525568242321,1200,0
0.6796545654858168,4.559792757599369,2500,1
0.9660349917661937,4.434558363819042,2500,1
0.893017152960802,6.0211698535477955,2500,1
0.9399655611660289,5.914067594224881,1200,0
0.8696364018237104,8.06589342326277,2500,0
0.37624283929271196,4.764833837782927,5000,1
0.4042942991791363,9.961229496394411,5000,1
0.6686366580882717,0.5947156886728078,1200,1
0.47224876115859876,0.031678485807017376,5000,1
0.6336868325288114,6.401983115596238,1200,1
0.5760557266728451,2.9843491236187667,2500,1
0.6845899669013173,2.403823886994838,2500,1
0.8228130012950758,3.1189908000428046,2500,1
0.8008436349694921,2.560475651049543,5000,1
0.664863892739734,0.3079004966044785,1200,1
0.8756753931719405,9.715330423905886,2500,1
0.6016034640766232,2.2074548845278175,1200,1
0.9277000028880855,7.340297625893063,2500,1
0.34989618903861475,7.625963946941753,5000,0
0.9682620210233153,9.292573980072293,5000,0
0.7582851570019438,0.3054945709337997,1200,0
0.5660521562560437,8.720483384470077,5000,0
0.43800788860101414,5.272261808398002,5000,1
0.6354282606105199,6.325441099658279,1200,1
0.43619082622971067,6.444702771210337,2500,1
0.4164321254201995,8.197978049847276,5000,0
0.732146230189082,3.334073221591105,1200,0
0.6661593072072493,7.330511898599934,5000,0
0.7690672242276592,5.285781097221971,5000,1
0.9507241141953924,7.933940143053477,5000,0
0.6725821493373281,9.905460327701334,5000,1
0.7066524372839584,2.0065101740376123,1200,1
0.36273843740845946,9.94648641559998,1200,1
0.8023450501360407,0.89812154282774,1200,1
0.5799336447629093,0.02317547904813866,5000,1
0.9837076670638052,0.4416193617783126,5000,1
0.8762218109169622,3.417824047367617,5000,0
0.6657367283612827,6.329063306784342,1200,1
0.3862558579205162,0.6902954088784963,5000,1
0.9015910552964124,0.0566581452956727,2500,0
0.859846766796815,9.370910284587948,5000,1
0.42920959067592307,8.219266359399297,2500,1
0.506694802454217,8.091831711390311,5000,1
0.855385080703486,8.84424275501977,1200,0
0.42965991258318675,7.000342727721044,5000,1
0.9424267424199642,1.0440412974808144,2500,1
0.5971691976374534,3.9910018807372305,2500,1
0.360927273811361,7.2314948646462955,5000,1
0.8710240504529965,2.803344607915209,2500,0
0.5614567781268713,6.874063641362376,2500,1
0.6685494359076467,0.2449844826765235,1200,1
0.37861304108785343,3.061373408795932,5000,1
0.30180881039148766,5.491303362771727,5000,1
0.7465896440553084,6.320898295062422,5000,0
0.6606226192336121,5.770406644619108,2500,1
0.715476998386203,6.977562760734295,5000,1
0.8556206952663614,0.0608874823983907,5000,0
0.752624139396002,1.009411999775215,1200,1
0.42234140997916403,8.68944252279145,1200,0
0.5525407633774199,6.817486440901613,1200,0
0.9341237733514323,1.129316426860113,2500,0
0.8389612901761752,8.420744373985793,5000,0
0.689645940555702,2.422312178245669,1200,1
0.4789514984664906,4.782598841952234,1200,1
0.5114423512843564,1.451965128846603,1200,1
0.8123706473099441,7.101100564217067,5000,0
0.8958219825969396,6.668544210142678,5000,1
0.76999726867143,2.111124711661362,5000,1
0.8666709830379091,8.634007668570018,2500,0
0.8366592946402842,4.013060242197122,2500,1
0.4047927775698704,2.9251509107074183,1200,1
0.5967613690393114,1.5232958946453545,5000,1
0.4070886605799938,2.6616801251553746,1200,1
0.4646649093613894,0.22026921223816998,5000,1
0.9084817372557368,5.832574924561156,5000,1
0.6310243759432275,8.422307463439479,5000,0
0.6747506712898625,5.489804494416418,2500,1
0.42491217565944045,2.192739619238757,2500,1
0.5185902502341572,0.3366917821387272,5000,1
0.46117231789950897,2.1462807325880284,1200,1
0.44433031516289845,4.161214280710923,5000,1
0.746572555321179,7.596114286997965,5000,0
0.47981869335200034,1.878428525377741,1200,1
0.7424108402142928,7.197914533546861,5000,0
0.34091822987598774,8.669334683518837,1200,1
0.3992420754689713,4.539468481083571,2500,1
0.49217817780008777,8.214319916425932,2500,0
0.7179328418269841,5.546573480350956,1200,0
0.7730888715611631,6.370908370809049,2500,0
0.609901876745669,5.262784603382027,2500,1
0.6120536402040602,4.631727167513418,1200,1
0.8071617959790327,2.3465344177584937,2500,1
0.3110747642359077,3.0319405946104605,5000,1
0.5387630171319544,2.8997011894360902,5000,1
0.8730949399834629,5.632889309538147,1200,1
0.7222535871493605,1.1995369302388992,2500,0
0.5360589929287942,9.16791690702335,5000,0
0.9338673546307716,7.206551452831133,5000,0
0.8408359092145676,4.014456309131936,2500,0
0.48542681306571334,1.5862414452637796,2500,1
0.7517028862680017,8.819921697216358,5000,1
0.7170255097322696,8.237780901011652,5000,0
0.5808315398272879,7.217215527171793,1200,0
0.5568692554433605,2.715470474112424,1200,1
0.5404923323429928,4.024466374336689,5000,1
0.7320090483769528,1.0274825245242336,1200,1
0.6096869555364686,1.8903952472753172,5000,1
0.8823041792759954,7.830166373167328,5000,1
0.7687218312937733,7.150387188506838,1200,1
0.34895212399660386,5.934857629759347,1200,1
0.7481177566797161,8.957267259261728,2500,1
0.48980320555012935,5.832665178130454,2500,1
0.7149683941573959,4.669679999636108,2500,0
0.7760923517724159,3.4037074630576267,5000,1
0.46158043240780844,9.404485057361725,1200,0
0.619801051416258,0.827154615243535,5000,1
0.43322740397334747,9.308873720608084,1200,1
0.33663721305055583,8.267146599310184,5000,0
0.5649334964401083,1.299299245357013,2500,1
0.5540609902921944,5.649843576752536,2500,0
0.9968363434929799,8.66547981749087,2500,0
0.6124466458383495,5.718091636071537,5000,1
0.5334986846305403,9.071998215606223,1200,0
0.7063325047016722,9.429838168160424,1200,1
0.3621371758754379,4.223845221843058,2500,1
0.9731660151683692,3.773136614063236,2500,0
0.7444720319137231,9.363211539691568,2500,1
0.8283864739585933,6.751400611496681,2500,1
0.41933455672174225,1.1602268134816929,1200,1
0.5866344971036427,0.42291749222681196,5000,1
0.5958823793773327,5.646290509972632,5000,1
0.8752645107307606,9.301709654384245,5000,1
0.3008656758315866,8.442487024058185,5000,1
0.5105971758472785,6.758477464643365,2500,1
0.9868654620410127,1.3911584889108752,2500,1
0.632420580454353,2.542313837486956,2500,1
0.5677683961708058,8.755112265526162,5000,1
0.3838803014123524,1.8280723665690046,2500,1
0.981915240039611,2.7843940825043454,2500,1
0.31401844914807714,1.2960065119544195,1200,1
0.8160261575050702,6.761082314144112,1200,1
0.8380198633519558,9.439823053632097,2500,1
0.4705597012447066,2.6896803159538596,1200,1
0.770090910529126,4.754066078500737,1200,1
0.36505040106557296,6.343397397112042,2500,0
0.4799330865024559,9.994662482156308,2500,0
0.8515313918045855,1.0480806499757211,2500,1
0.9052803344234781,4.9857079950570915,2500,0
0.7259404888618539,3.8512011990250006,5000,1
0.6547869022743378,8.658201652223552,5000,1
0.4115128144332862,4.759677310116559,2500,1
0.3441763231554051,1.109775245851481,1200,1
0.38235431993149105,6.344241452865837,2500,1
0.45915011006726913,7.707806182638798,2500,1
0.5391721513278446,0.028812516656145926,1200,1
0.5666366678576911,8.589566854206295,5000,1
0.5424252380123025,1.8602300000566563,2500,1
0.4673387325380859,5.520693646533779,2500,1
0.6568069727261887,4.157975006874501,5000,1
0.8777002757630277,7.196538166105304,5000,0
0.4957924769300354,3.711616147857418,1200,1
0.9596709133715631,8.697631766817107,5000,0
0.9113356632066933,7.304963609587903,5000,1
0.4132349479464767,6.477131710629215,5000,1
0.850393169729966,7.962405955628543,1200,1
0.7022111676224366,7.5402303492838225,5000,1
0.696602753519993,0.3593867492155334,5000,1
0.573729934140722,3.9473435384482816,1200,1
0.6508070994274068,9.308072973164897,5000,1
0.5780251442004477,1.2572426899222622,5000,1
0.67781283313196,7.3709655043205125,1200,0
0.7395650369408451,9.745918113353296,2500,1
0.7720126644863339,0.5219862904497163,1200,1
0.6727368347915983,6.821938806266105,5000,0
0.8049954471301122,4.681541413010304,5000,1
0.39889463449285406,5.791752553747221,5000,1
0.44838774363156697,0.8534133648432485,1200,1
0.8731145028519891,0.4300695186693948,5000,1
0.5257695844924906,6.668666605509217,5000,1
0.31602567748328414,8.23309429820718,1200,1
0.40765380476762175,7.820153349329672,2500,0
0.45653010414741785,5.438057278662374,2500,1
0.9701260215262111,0.9986682113617817,5000,1
0.7011290002515944,6.880444438360138,1200,0
0.9529115183333783,2.4188888355414595,5000,0
0.7026143453476374,9.110687027673837,1200,1
0.6355481080964962,8.382653595457048,1200,1
0.5196093838358672,7.093829670873909,2500,1
0.7244596611033629,9.488459558311304,2500,1
0.39743861723227086,0.3142182151127293,1200,1
0.9287831391048942,7.36200425060762,5000,1
0.8805326835988985,3.3024277933640533,2500,0
0.5222720135137159,9.060658856863652,5000,0
0.966958269320906,2.666751966619776,2500,1
0.8776405371908977,7.24856499315017,2500,1
0.7664148200845278,8.776470196507814,5000,0
0.3852333377876923,0.41656818382682426,2500,1
0.6347638161336506,3.9764757959203614,2500,1
0.6542752883927256,7.6230903202193865,5000,0
0.462785950855766,4.54918889507587,2500,1
0.3559757760515113,2.672526297935953,2500,1
0.8437065413301847,2.1980534882319,2500,0
0.38542453648707653,1.3151826691637791,5000,1
0.7160035253932422,8.571295598562823,1200,1
0.9555144217185623,5.753554032515559,5000,0
0.9132736348186297,0.7638494499145598,1200,1
0.4944268366244828,3.8258032357063545,2500,1
0.8960140462858857,3.677336508051099,1200,1
0.3002327542843426,1.8173919070946298,5000,1
0.31238146672928,4.355076254721907,5000,1
0.7217872146900055,3.3209936539313647,2500,1
0.5553587534011706,3.4180370549218253,1200,1
0.5705225888114029,7.390265577879587,2500,1
0.6951087634752178,2.2326338550519633,2500,1
0.43424771891430236,6.418599588553554,5000,1
0.4482287454658348,5.706496238809349,1200,1
0.6392211109132053,5.680925123378673,1200,1
0.8279774810407041,6.630073461417759,1200,1
0.7336484259853113,5.483820361956539,1200,1
0.5081485337657872,8.792551148463847,2500,1
0.6012360242562448,6.755800919502598,2500,0
0.4194653309849989,5.469632513713881,5000,1
0.35224087003595717,8.297631202876449,2500,1
0.8478872285209045,6.061465649334798,2500,1
0.4857711864317362,2.9114424778517902,5000,1
0.4244364714958737,2.0709491817657124,5000,1
0.7841326388985235,1.523277856626788,5000,0
0.7326361720010302,8.994552125461016,2500,1
0.7432327382094248,7.101354317980658,2500,1
0.46022622339262953,9.373784381643208,5000,0
0.46285187699387664,6.0329180571494305,5000,1
0.4545618408499474,4.734008814949125,5000,1
0.42162681696360615,0.5971648897088933,2500,1
0.7590065707931594,6.716422815460298,2500,1
0.8936111196745808,5.822087597682311,1200,1
0.8070222287736628,9.902088935876215,2500,1
0.8544655436323803,2.3915877778224304,2500,1
0.5833589003596398,5.307373552868358,2500,0
0.7578530567603987,6.509573351180727,5000,0
0.5479653683113421,6.445911747423436,2500,1
0.667853235378048,5.612935429484027,5000,0
0.6371443925744036,7.769280103272255,1200,0
0.4238210016006981,2.049812095268164,1200,1
0.5709551322349415,7.256272002744159,5000,0
0.9746755928376456,6.197345714330892,5000,0
0.47400618040045944,8.960751117945733,5000,1
0.39366261539564207,8.471944390335818,2500,0
0.5930064351367547,3.1514703913255326,1200,1
0.8532364151021037,2.7623732497515308,5000,0
0.7075037608459805,9.816533238524478,2500,1
0.7766823790667712,5.272651809152565,1200,0
0.432786393722274,9.064209639144368,2500,0
0.733263735105405,1.638810237804822,1200,1
0.5264502764380317,6.428189148001743,2500,1
0.8840123561683373,8.098601873605862,1200,1
0.7405091642075152,9.473952495864468,1200,1
0.4391993944427071,3.373401410170235,2500,1
0.3452316758908603,7.249811699240524,5000,0
0.3298432465009229,5.38813009039619,1200,0
0.5599859973550985,0.6062892606646819,5000,1
0.4860957956580194,6.899997373089434,2500,0
0.7522630864237556,6.900965582378435,5000,0
0.6495336844850328,9.30606804846537,5000,1
0.4862134946037665,4.973124461689724,5000,1
0.40446644456512326,2.302509207105147,5000,1
0.3890398338812147,0.4456382344867915,5000,1
0.9052622744982923,4.156421866859057,1200,0
0.47043457788340703,3.019167000775018,1200,1
0.7561974535376779,7.610883060238756,1200,1
0.8674801495903863,3.542677648410466,2500,0
0.7298569178293153,9.490711963148438,5000,1
0.901695662152862,9.623102029877842,1200,1
0.5746756050699322,6.209085902177081,2500,0
0.9693555334542638,9.28660287014883,1200,0
0.3932015029246678,7.6085434451449565,1200,0
0.37150467076027666,5.468596409751262,5000,1
0.7610845023452104,1.8030793542277812,2500,0
0.9599817989892832,4.5859794351384,5000,1
0.8662184231454295,5.608744633626176,5000,1
0.35349180160663596,8.639615807350102,1200,0
0.49555739975430146,4.813333765356649,5000,1
0.9512232193864765,8.976746726779567,2500,0
0.4771409029605492,6.743489790234689,5000,0
0.8468192966508434,1.3699906305367138,5000,0
0.8775925371500926,9.94981369325093,5000,0
0.6468164724226872,5.272326607539126,1200,0
0.5704442368938207,3.9185829640907888,2500,1
0.6150871026938317,6.591137644695265,1200,0
0.4588752860557549,1.0889331398103907,1200,1
0.9225736412901908,6.365386467533543,1200,0
0.6154337597108305,4.98236000499273,1200,1
0.9177216083192699,4.066740699985831,1200,1
0.3739854359343918,9.530200211788992,2500,1
0.9917926897000919,5.225397167320533,5000,0
0.6102911612105327,2.1911747946993843,1200,1
0.3334815742758738,4.589634793772986,1200,1
0.32661529376621845,9.193874045726727,2500,0
0.8223450802372869,1.7609547133059467,2500,0
0.7613248739425764,2.139570386882369,5000,1
0.8614913906893111,0.1302956775708375,2500,0
0.37375727376696416,0.1419004939576718,5000,1
0.32489960692488384,8.293916269585125,1200,0
0.6560055026133049,7.321226068429558,1200,0
0.5713166620379386,3.5504105645195825,5000,1
0.623362855669669,6.983111572275727,2500,0
0.9941118862091918,3.9520592630997022,5000,0
0.9795249703694691,9.528967959978274,2500,0
0.9596207727712349,9.670526814260349,1200,1
0.8486898737373716,3.927937758093434,2500,1
0.5483889521798233,8.54221906340868,5000,0
0.5884916511839401,7.7308904169746615,5000,0
0.6847312306032471,3.0999993717178933,1200,1
0.881374119483388,2.3203982890110595,2500,0
0.3480989827627874,4.582346503928338,2500,1
0.5970078201194217,7.813488406144062,2500,1
0.3578323644214881,9.601677847287455,1200,0
0.6602603106014581,7.635790688665725,2500,0
0.9292305768043647,8.5520698501837,5000,1
0.8477394471947566,6.030643061705165,2500,1
0.45948969228017694,8.35407830842126,1200,0
0.9831935947191546,7.844208580034176,2500,1
0.7671452786324998,3.769855419262801,2500,0
0.30729938957818215,5.519903021207211,5000,0
0.4787894392796537,8.047531219896948,2500,0
0.4824993099439415,0.4605673418995637,5000,1
0.34847801440010195,8.0807928235583,5000,1
0.9718785626531503,1.7788812404902343,1200,0
0.6347787062031466,5.14683617121439,5000,0
0.9270702181603174,8.082754395559377,5000,1
0.5255508524112398,2.5382107815669483,1200,1
0.38766349930297894,2.45807439306153,5000,1
0.6320352769343497,4.027643984622519,1200,1
0.379769644300022,8.946427975776345,2500,1
0.640210852084278,0.004427814372078842,1200,1
0.9442080268535853,9.013830966419349,5000,0
0.6645376992839489,1.5380702464160778,1200,1
0.7315498088265584,9.90086376067482,5000,0
0.4096469058816658,9.54846993038468,2500,1
0.33061493811597864,4.946751895912833,1200,1
0.3775655735258649,5.127202478126281,2500,0
0.7189721029790559,4.815493402758543,5000,0
0.36650818929461326,6.354436456595226,5000,0
0.563195022958918,0.9072170223493103,2500,1
0.6850643583207092,0.32617948341566505,1200,1
0.5720569590408928,0.5770292841589886,1200,1
0.414578661025711,4.443653492415144,5000,1
0.49165391525987456,2.755479392194834,2500,1
0.9498222729940038,6.220395623709938,2500,0
0.7731875929104487,9.92442289374779,1200,1
0.6472334870759205,3.8632317307646593,1200,1
0.30890042299082543,5.738412541045133,1200,0
0.994690780342629,4.156038959073355,2500,0
0.7700184544262503,8.472716677218594,1200,1
0.5218457341414614,9.022364034622381,1200,0
0.9154880619984866,8.7735561220526,5000,0
0.48090213420427264,9.743722386792577,1200,0
0.6808116054279261,0.2751918514041529,1200,1
0.7452495346108775,8.39816162145531,2500,1
0.45474436001760987,7.5177217303909325,2500,1
0.984878095160417,2.2869440940036476,5000,0
0.8237343341852983,9.563200933875276,1200,1
0.6904692578577489,1.4817792822994547,5000,1
0.4264162187227106,6.795499271339084,2500,0
0.3377007448986183,2.248902168159125,5000,1
0.5240418827646884,4.313806487740747,2500,1
0.827231135139382,7.191598969445689,5000,1
0.4885319088114175,5.633246420330467,5000,0
0.6776893543468536,4.275018313281117,1200,1
0.8095630237115201,3.2633843093198722,5000,0
0.375560600252525,8.396596557087904,1200,0
0.7797086112811114,1.438143503148137,1200,0
0.36430962139703127,4.301028765298001,1200,1
0.9755908194888976,9.037575717751421,1200,0
0.6418758910454576,8.458495504599677,5000,1
0.40547327539691413,4.009417624730467,2500,1
0.5396685452234825,7.6310836360130825,2500,1
0.589391514506683,8.231608307088592,2500,1
0.8307295077535761,8.888874240036298,5000,1
0.8203966502536264,5.44505769049228,1200,0
0.7283583537361317,2.044608860547118,2500,0
0.37415149879094506,2.5530907650393164,5000,1
0.40609856011137146,2.956946740416042,1200,1
0.3656298444518896,5.938024808096155,2500,0
0.704020948301285,0.3280962412860844,1200,0
0.9139969090579827,6.360424687799683,2500,1
0.6036603585783402,3.64354238428232,2500,1
0.4125937217704223,2.9524180248964216,2500,1
0.6906296276042769,8.794965707281264,1200,1
0.8682265518059968,4.600023955807989,5000,1
0.8191984430590509,0.9505304553269278,1200,1
0.9170155457725149,8.26746768026247,2500,0
0.49453146807420745,0.476412574365066,1200,1
0.4357677070874424,7.267492241681967,5000,0
0.9158715401593571,7.7390622177066515,1200,0
0.7602922189446162,3.526026059288582,5000,0
0.5176502510052878,8.247878562777867,5000,1
0.8196436354007564,5.156594058564535,1200,0
0.8705828691362574,4.632936532727968,2500,1
0.7304847682387926,0.45403281468692547,5000,1
0.7815188769159405,2.900291936489059,1200,0
0.5626819331098665,9.310099708852999,5000,1
0.6770869671401274,3.918239632835,2500,1
0.6669114195083136,5.467005205567683,1200,0
0.8936334537915402,5.320216789842518,1200,1
0.8879747861975278,5.9043108982269334,1200,0
0.8828763285429302,0.6133095564328261,2500,0
0.30772212998372606,3.6217625479872826,5000,1
0.8246818391282218,7.231282738825541,1200,1
0.8310734730777034,2.005602510729829,5000,0
0.7748651759985992,2.0357837754636043,5000,1
0.8293852605240168,0.10090606689024728,2500,1
0.889379260047696,4.374819266082097,1200,0
0.62922333787125,8.82734380673422,5000,0
0.6514351494419129,0.5190094358730901,1200,1
0.38729983983797334,1.9111870949600263,1200,1
0.5697631181331533,3.1008453834275507,2500,1
0.750355625938249,7.317247365642129,1200,0
0.846279843303092,6.4063559280258655,1200,1
0.4520463683838474,4.159439045818551,5000,1
0.39647602941146476,7.590689392583757,2500,1
0.7641294031503445,6.096310116569019,1200,1
0.30131591846743744,8.96040799657219,5000,1
0.42486080901513085,8.18026749138693,2500,0
0.3203499662407676,2.5281360608920056,2500,1
0.4168195824984096,2.7143857763420023,5000,1
0.4269234959478536,1.2535647579238562,5000,1
0.5713715163252759,3.369647257174565,5000,1
0.5816289872805891,9.995439187190943,5000,1
0.9119837294271664,4.05751168615061,5000,1
0.6570767987491777,2.204884346891064,1200,1
0.8063833359286003,7.62482884475553,1200,1
0.3728961505442012,5.42471003462656,2500,1
0.4578071288245857,1.4960144952695253,1200,1
0.7920604086850738,3.8068968116086577,1200,1
0.3369627723279697,4.144697155393433,1200,1
0.6406183635706271,7.538297005692186,5000,0
0.7195582759640536,0.20671368891904462,2500,0
0.7215019508367366,2.690196467983105,2500,0
0.31605296788762943,5.17596301315522,2500,1
0.5254756029604298,2.6884674245284335,2500,1
0.7455434557344078,6.284340474189989,1200,1
0.4042998153044704,4.818674792746166,1200,1
0.7867909538296372,3.617102548595806,5000,1
0.822147646169572,9.492086268705123,2500,1
0.9873784333123017,6.321594991864574,1200,1
0.44688939639948655,1.2994137226794122,1200,1
0.8775914673662806,5.600916974433955,5000,0
0.6642076038430578,7.80731853200901,5000,0
0.5614238173009214,7.0848969749279735,5000,0
0.38566373012762456,1.7208922929525938,1200,1
0.8148539245412763,9.724199990401033,1200,0
0.46510031940058094,4.48813645746606,5000,1
0.559995401311132,1.590250037402613,2500,1
0.3437795588281579,1.8019575412814792,5000,1
0.8609568410736632,0.982349921890805,5000,0
0.8366119667801504,8.035181084349343,5000,0
0.8135310810296186,1.2203049432184865,5000,0
0.5096104573443206,1.2512525714174694,1200,1
0.42143605198617007,8.504716147608377,2500,1
0.7462872851291608,3.446040844475596,5000,0
0.6473164688792536,0.3085790430807245,2500,1
0.4247767268332491,0.5189529951841088,2500,1
0.7801378897349045,1.4217044670389556,2500,1
0.9937885022749124,2.1339334797568954,5000,0
0.8230537114194263,6.651461942384054,1200,1
0.8179904706799281,1.5732628000182824,5000,0
0.9652189270514142,1.18874391177072,2500,0
0.4420554573024315,7.6471914147627915,2500,1
0.6958849754450083,6.710552838599144,1200,1
0.9857527005237183,4.3532422145523615,5000,0
0.41570587767912215,5.493097714801039,2500,1
0.7901763716111647,3.119840203264185,1200,1
0.7100671021803313,4.825004202353607,2500,0
0.7105353645320949,5.066726489827458,1200,0
0.7883694392640526,3.872372711780959,1200,0
0.950731846012979,9.065722106721628,5000,0
0.8478073578959364,0.16061864981006146,2500,1
0.339295272391347,7.821712630912462,5000,1
0.8969096139129977,1.2438283124132432,2500,0
0.4578789309480128,7.975473605371994,5000,0
0.5638399153154603,6.159119156767212,2500,0
0.6232129695286674,8.432780909364023,5000,1
0.6366342005271488,0.9751432564089746,1200,1
0.6046262794787497,5.5898063409977405,2500,1
0.956147305951105,5.010878802621971,2500,0
0.7942133053648172,7.061931829633586,1200,0
0.7418194521696944,5.3429055189367585,5000,0
0.33488941944805906,5.407345671331042,2500,1
0.9327393311822623,4.295959435760647,2500,1
0.9365731344058772,3.0883442400734085,5000,1
0.8461491444010716,4.822643612521922,1200,0
0.3049204426695334,1.1849235876840059,5000,1
0.3400961757543363,9.615133389830849,5000,1
0.4576565915879428,7.144107636265983,5000,0
0.39194458570143464,9.524671166878468,2500,0
0.5791852207926106,2.2672738232996323,1200,1
0.9458361406614526,8.79341020176528,1200,1
0.6304423039378988,8.087899845635384,5000,1
0.30938183850251594,6.771524124576737,2500,1
0.4979219827051334,6.250291860852057,5000,0
0.3312164358610731,3.1654966526786996,2500,1
0.3254013358294515,8.164107849650307,2500,0
0.49300389716688653,5.015154614797338,2500,1
0.4929286370752618,0.7089157589128536,2500,1
0.8509886218211229,3.1286316085513,1200,0
0.9823842569467782,9.352970985453275,2500,0
0.5598449657229988,8.506802606048463,2500,1
0.600220815202727,9.819056980765392,5000,1
0.891352605400215,6.279933826040981,5000,0
0.48769731406685934,2.47510073140412,1200,1
0.40946726308241355,1.6281504967686378,5000,1
0.8971627363825552,1.8691444060846163,2500,1
0.33255041050804585,0.19795658347254386,5000,1
0.7337896081395909,3.9068211098593917,1200,1
0.6933949932267647,1.914276804995425,5000,1
0.542144313251186,4.116554604567025,5000,1
0.5206326647681513,9.349944318387655,1200,1
0.8403004083271348,4.3054020950719,1200,0
0.36049722753378255,8.779844969848348,2500,0
0.46574901651796974,6.055047666158765,5000,1
0.8127141122866628,2.471315546613919,2500,0
0.6838244086084969,3.558547592592114,5000,1
0.38959174597351043,0.8391953582142941,5000,1
0.917494929997442,3.334625935960105,2500,1
0.575413492594514,6.775409455035341,5000,0
0.8795078627255208,0.7211109292943518,5000,0
0.8513991108693961,2.0540140847802935,5000,1
0.7370978125302097,3.814410414133115,1200,1
0.646136791906565,9.820495370159625,2500,0
0.9856855882672297,7.848618229588801,1200,0
0.4014755506658719,7.334867464921039,2500,1
0.8076090092857804,1.1619095652544598,2500,0
0.4338334910253523,7.809958936149915,5000,1
0.5367841737326439,7.852688115160151,2500,1
0.5160891203612367,6.011026956243283,1200,0
0.962925191417106,9.903617819983719,1200,1
0.9771493244517926,3.2525390592455192,1200,0
0.42811081096430903,9.412724482418517,2500,0
0.3154246122082529,9.147311149565036,1200,1
0.8040056277641792,0.11480659749377842,2500,0
0.5925929537093391,4.50116526474811,1200,1
0.36218817156129507,9.771042330515733,1200,1
0.7786278739039297,1.031213624080758,2500,1
0.6815738697824898,5.477846943833194,1200,0
0.9863617754007741,9.78957507041104,5000,1
0.4591866471029652,5.554954241058602,2500,0
0.5827845134285837,1.8981530297215599,2500,1
0.6797820623767961,5.821832300925898,2500,1
0.8541899919173461,2.0444057394954687,5000,1
0.6841870597040411,5.197042628944843,2500,0
0.7290301126033645,0.74042217912348,1200,0
0.45830293611295847,6.054826692144046,1200,1
0.8928431096619918,5.167899391281582,1200,1
0.600041382879333,7.401613687614631,2500,0
0.39867173926523847,6.30700471158785,1200,0
0.7649315401537922,5.4960626853075665,2500,0
0.45126331722971524,6.897788492481212,1200,1
0.3682937571675098,1.4394191357223085,5000,1
0.9033908358829905,5.953596612586041,5000,1
0.6221135851419077,1.7211060282277768,5000,1
0.8244985988870435,9.255222078518809,5000,1
0.5034112918644486,0.683341048456042,2500,1
0.8508790944423663,4.303747496907933,1200,1
0.3783551489150712,6.957974776554448,5000,0
0.5491813616563969,4.580222116682587,2500,1
0.98464327258147,0.9209525323290235,5000,0
0.8557928014576042,5.533790161267074,5000,1
0.6480791512202817,6.4163190882735455,2500,1
0.5378442300933195,7.037923109905076,2500,0
0.9104949900157335,3.7325981446275893,1200,1
0.681393431359161,5.636599710287622,1200,1
0.8308975125083777,4.506864749389131,5000,1
0.8278753762213147,6.720560387522534,5000,0
0.31256197499794425,5.835569673248186,1200,1
0.38837764795482943,5.2575621955913485,1200,0
0.7617405564763196,2.4952436683824866,2500,0
0.41313386790011,0.020185177482339167,1200,1
0.47884534125892325,1.7408167531142926,1200,1
0.9626465679397249,1.1706604142416865,5000,0
0.6921275808624383,4.4908474501094675,1200,1
0.825510654899543,6.122581507618446,5000,0
0.6905865171478478,2.1308500868480817,1200,1
0.6867595303479076,9.390570959671871,2500,0
0.36590633708798853,0.06682129223887778,1200,1
0.5405642348263722,7.723010151653429,1200,1
0.49770162908055815,6.252047695304422,1200,1
0.5735098559295293,3.735548010476819,5000,1
0.8588409317570298,0.5048894441240792,2500,0
0.5603528675418054,6.274865717842793,1200,0
0.6161877734621779,3.8561351286564802,5000,1
0.5781669733397214,9.362671394132192,2500,1
0.3653855803827069,5.419900748897659,5000,1
0.6087505107755486,9.396515112935083,5000,1
0.4369264911311605,2.204836934733041,2500,1
0.430706307041129,7.257259103641033,1200,1
0.36582527310398644,6.172490208487257,5000,1
0.5496696818992353,7.394082298313118,5000,1
0.830237319352592,2.146678639725368,1200,1
0.49350918340837724,6.649945162377737,1200,1
0.5186443713198594,4.98040393056869,2500,1
0.7498722603706964,7.428249749063163,2500,1
0.4370885688108432,3.2704464415181778,2500,1
0.927870551296474,8.900570254652525,1200,0
0.6641333662760881,0.8430131461135038,5000,1
0.6133220582241519,8.071893187911881,5000,0
0.690474134350441,8.613196258150907,2500,0
0.4162240193913368,8.172523113668213,1200,0
0.7294311970474234,5.12726394261776,5000,1
0.5541705156438073,4.383849800307614,2500,1
0.9280304386752332,9.962622865248768,5000,0
0.41819794467438026,2.291719512141621,5000,1
0.6549357727058087,5.468759658760446,1200,0
0.7186788405583125,6.706755253823255,1200,1
0.32336852125046683,7.00867635861432,5000,1
0.5545851873292982,2.040246657385787,2500,1
0.8128446642905829,6.539940923398012,1200,1
0.8742642552142812,8.183695664813373,5000,1
0.5192133963720976,0.5001857682111222,1200,1
0.8590152906679258,9.115212933253165,1200,0
0.9774291139723721,0.2950405514520593,1200,0
0.8998117552525657,3.5597103248839437,5000,1
0.38235079171152764,0.15813196232962068,2500,1
0.8178112324598783,0.7714516853958187,2500,1
0.5237667827083813,9.11168285180079,2500,0
0.9918911925884535,3.5486083074614783,1200,1
0.639751288211921,4.247715304250529,5000,1
0.3857037288512587,2.1534438138255263,1200,1
0.8076298836191735,5.9709577018671975,2500,0
0.5261078388703496,5.948032146777896,2500,1
0.9979547099571631,3.7220039182521925,5000,0
0.9858477204981653,3.3303487180539837,1200,1
0.7592938126144064,8.849643081805878,2500,1
0.3908785142662023,3.8328423964220137,5000,1
0.7808026983725203,4.935009921544083,1200,0
0.36512134052201906,2.833047624249306,1200,1
0.32055491137167463,7.867695033571273,2500,0
0.8760709123550401,3.9744815689909165,2500,1
0.4468270633785769,5.136110465443245,1200,0
0.5653189883533681,2.533571700596614,1200,1
0.9814201729833212,9.876595923412518,2500,0
0.5357883513027722,2.914957409237229,1200,1
0.5075428468983206,7.707425309055517,2500,0
0.9427455997359426,4.274956503567592,1200,0
0.37752391172327066,2.062174050841399,2500,1
0.8317076870802422,7.997187639648612,5000,0
0.9916458966569417,3.3360678902904315,2500,0
0.9309072075422542,8.651933473978112,2500,1
0.7561675430944981,9.15257184917823,5000,1
0.5198425564949124,8.598238353912759,1200,0
0.47802538682482165,0.3500791480680565,5000,1
0.8734785734100228,7.873733450051056,2500,1
0.9158753397661867,4.113394664991439,1200,1
0.667804438781985,8.73722920182225,5000,1
0.47103795855052627,6.379542626847387,1200,0
0.3790602458878215,8.336431341439583,1200,0
0.3610256274822818,4.994317698668354,5000,1
0.803354213147699,5.3502550459893286,1200,1
0.5940831094934074,1.4438763213366723,5000,1
0.9337519119945092,7.839873586893554,2500,1
0.8177699105087346,4.193896116669716,1200,0
0.43388229254021066,5.000801182715826,2500,1
0.7296441931709893,7.850977140957076,2500,0
0.6048538180787115,5.988454000794389,1200,1
0.7040748115380291,2.0109872744266744,5000,0
0.816648386336962,5.902326591508928,1200,0
0.8643371167026535,4.076328579796558,2500,1
0.890616128484707,4.6952554204386265,2500,0
0.4777824122004173,0.28311274402667785,5000,1
0.32178091994215036,2.1002934951628163,1200,1
0.8175063146153412,2.8103808138102826,2500,1
0.3744406083790422,7.129600078588058,2500,1
0.5204437120290774,0.11492473298115313,2500,1
0.30267199388704297,4.087772612291321,5000,1
0.777168637681134,9.240268704257328,2500,0
0.4169924080298549,1.1188061654912385,2500,1
0.7586976867841606,5.16424388218611,1200,1
0.9942198320174871,7.865223823908471,1200,1
0.3508696101270114,9.425313075201167,2500,1
0.35395460836602244,7.46776639533718,2500,0
0.5382660648666724,7.205655486444061,1200,1
